{"cameraMode":{"drawMode":0,"name":"Shaded","section":"Shading Mode"},"sceneLighting":true,"audioPlay":false,"sceneViewState":{"showFog":true,"showMaterialUpdate":false,"showSkybox":true,"showFlares":true,"showImageEffects":true,"showParticleSystems":true},"in2DMode":false,"pivot":{"x":-3.319668769836426,"y":9.185884475708008,"z":-30.165407180786134},"rotation":{"x":0.07145509868860245,"y":0.6073521375656128,"z":-0.05503631383180618,"w":0.7893775701522827},"size":7.003026962280273,"orthographic":false}