{"cameraMode":{"drawMode":0,"name":"Shaded","section":"Shading Mode"},"sceneLighting":true,"audioPlay":false,"sceneViewState":{"showFog":true,"showMaterialUpdate":false,"showSkybox":true,"showFlares":true,"showImageEffects":true,"showParticleSystems":true},"in2DMode":false,"pivot":{"x":-6.081928253173828,"y":3.2126517295837404,"z":-36.26325988769531},"rotation":{"x":-0.04824138060212135,"y":0.8736018538475037,"z":-0.08833500742912293,"w":-0.47632747888565066},"size":8.497822761535645,"orthographic":false}