{"cameraMode":{"drawMode":0,"name":"Shaded","section":"Shading Mode"},"sceneLighting":true,"audioPlay":false,"sceneViewState":{"showFog":true,"showMaterialUpdate":false,"showSkybox":true,"showFlares":true,"showImageEffects":true,"showParticleSystems":true},"in2DMode":false,"pivot":{"x":-4.596898555755615,"y":3.5344982147216799,"z":-31.499893188476564},"rotation":{"x":-0.0665946677327156,"y":0.8262852430343628,"z":-0.09986303746700287,"w":-0.5504825711250305},"size":7.873654365539551,"orthographic":false}